"CO_PAIS";"CO_BLOCO";"NO_BLOCO";"NO_BLOCO_ING";"NO_BLOCO_ESP"
"788";"51";"횄혖frica";"Africa (minus MIDDLE EAST)";"횄혖frica (menos ORIENTE MEDIO)"
"525";"51";"횄혖frica";"Africa (minus MIDDLE EAST)";"횄혖frica (menos ORIENTE MEDIO)"
"229";"51";"횄혖frica";"Africa (minus MIDDLE EAST)";"횄혖frica (menos ORIENTE MEDIO)"
"281";"51";"횄혖frica";"Africa (minus MIDDLE EAST)";"횄혖frica (menos ORIENTE MEDIO)"
"438";"51";"횄혖frica";"Africa (minus MIDDLE EAST)";"횄혖frica (menos ORIENTE MEDIO)"
"458";"51";"횄혖frica";"Africa (minus MIDDLE EAST)";"횄혖frica (menos ORIENTE MEDIO)"
"127";"51";"횄혖frica";"Africa (minus MIDDLE EAST)";"횄혖frica (menos ORIENTE MEDIO)"
"285";"51";"횄혖frica";"Africa (minus MIDDLE EAST)";"횄혖frica (menos ORIENTE MEDIO)"
"731";"51";"횄혖frica";"Africa (minus MIDDLE EAST)";"횄혖frica (menos ORIENTE MEDIO)"
"748";"51";"횄혖frica";"Africa (minus MIDDLE EAST)";"횄혖frica (menos ORIENTE MEDIO)"
"754";"51";"횄혖frica";"Africa (minus MIDDLE EAST)";"횄혖frica (menos ORIENTE MEDIO)"
"759";"51";"횄혖frica";"Africa (minus MIDDLE EAST)";"횄혖frica (menos ORIENTE MEDIO)"
"820";"51";"횄혖frica";"Africa (minus MIDDLE EAST)";"횄혖frica (menos ORIENTE MEDIO)"
"031";"51";"횄혖frica";"Africa (minus MIDDLE EAST)";"횄혖frica (menos ORIENTE MEDIO)"
"040";"51";"횄혖frica";"Africa (minus MIDDLE EAST)";"횄혖frica (menos ORIENTE MEDIO)"
"115";"51";"횄혖frica";"Africa (minus MIDDLE EAST)";"횄혖frica (menos ORIENTE MEDIO)"
"173";"51";"횄혖frica";"Africa (minus MIDDLE EAST)";"횄혖frica (menos ORIENTE MEDIO)"
"240";"51";"횄혖frica";"Africa (minus MIDDLE EAST)";"횄혖frica (menos ORIENTE MEDIO)"
"253";"51";"횄혖frica";"Africa (minus MIDDLE EAST)";"횄혖frica (menos ORIENTE MEDIO)"
"434";"51";"횄혖frica";"Africa (minus MIDDLE EAST)";"횄혖frica (menos ORIENTE MEDIO)"
"488";"51";"횄혖frica";"Africa (minus MIDDLE EAST)";"횄혖frica (menos ORIENTE MEDIO)"
"710";"51";"횄혖frica";"Africa (minus MIDDLE EAST)";"횄혖frica (menos ORIENTE MEDIO)"
"735";"51";"횄혖frica";"Africa (minus MIDDLE EAST)";"횄혖frica (menos ORIENTE MEDIO)"
"485";"51";"횄혖frica";"Africa (minus MIDDLE EAST)";"횄혖frica (menos ORIENTE MEDIO)"
"685";"51";"횄혖frica";"Africa (minus MIDDLE EAST)";"횄혖frica (menos ORIENTE MEDIO)"
"760";"51";"횄혖frica";"Africa (minus MIDDLE EAST)";"횄혖frica (menos ORIENTE MEDIO)"
"800";"51";"횄혖frica";"Africa (minus MIDDLE EAST)";"횄혖frica (menos ORIENTE MEDIO)"
"890";"51";"횄혖frica";"Africa (minus MIDDLE EAST)";"횄혖frica (menos ORIENTE MEDIO)"
"059";"51";"횄혖frica";"Africa (minus MIDDLE EAST)";"횄혖frica (menos ORIENTE MEDIO)"
"101";"51";"횄혖frica";"Africa (minus MIDDLE EAST)";"횄혖frica (menos ORIENTE MEDIO)"
"243";"51";"횄혖frica";"Africa (minus MIDDLE EAST)";"횄혖frica (menos ORIENTE MEDIO)"
"331";"51";"횄혖frica";"Africa (minus MIDDLE EAST)";"횄혖frica (menos ORIENTE MEDIO)"
"334";"51";"횄혖frica";"Africa (minus MIDDLE EAST)";"횄혖frica (menos ORIENTE MEDIO)"
"426";"51";"횄혖frica";"Africa (minus MIDDLE EAST)";"횄혖frica (menos ORIENTE MEDIO)"
"464";"51";"횄혖frica";"Africa (minus MIDDLE EAST)";"횄혖frica (menos ORIENTE MEDIO)"
"720";"51";"횄혖frica";"Africa (minus MIDDLE EAST)";"횄혖frica (menos ORIENTE MEDIO)"
"728";"51";"횄혖frica";"Africa (minus MIDDLE EAST)";"횄혖frica (menos ORIENTE MEDIO)"
"782";"51";"횄혖frica";"Africa (minus MIDDLE EAST)";"횄혖frica (menos ORIENTE MEDIO)"
"833";"51";"횄혖frica";"Africa (minus MIDDLE EAST)";"횄혖frica (menos ORIENTE MEDIO)"
"888";"51";"횄혖frica";"Africa (minus MIDDLE EAST)";"횄혖frica (menos ORIENTE MEDIO)"
"289";"51";"횄혖frica";"Africa (minus MIDDLE EAST)";"횄혖frica (menos ORIENTE MEDIO)"
"507";"51";"횄혖frica";"Africa (minus MIDDLE EAST)";"횄혖frica (menos ORIENTE MEDIO)"
"623";"51";"횄혖frica";"Africa (minus MIDDLE EAST)";"횄혖frica (menos ORIENTE MEDIO)"
"660";"51";"횄혖frica";"Africa (minus MIDDLE EAST)";"횄혖frica (menos ORIENTE MEDIO)"
"665";"51";"횄혖frica";"Africa (minus MIDDLE EAST)";"횄혖frica (menos ORIENTE MEDIO)"
"450";"51";"횄혖frica";"Africa (minus MIDDLE EAST)";"횄혖frica (menos ORIENTE MEDIO)"
"474";"51";"횄혖frica";"Africa (minus MIDDLE EAST)";"횄혖frica (menos ORIENTE MEDIO)"
"528";"51";"횄혖frica";"Africa (minus MIDDLE EAST)";"횄혖frica (menos ORIENTE MEDIO)"
"640";"51";"횄혖frica";"Africa (minus MIDDLE EAST)";"횄혖frica (menos ORIENTE MEDIO)"
"675";"51";"횄혖frica";"Africa (minus MIDDLE EAST)";"횄혖frica (menos ORIENTE MEDIO)"
"756";"51";"횄혖frica";"Africa (minus MIDDLE EAST)";"횄혖frica (menos ORIENTE MEDIO)"
"780";"51";"횄혖frica";"Africa (minus MIDDLE EAST)";"횄혖frica (menos ORIENTE MEDIO)"
"783";"51";"횄혖frica";"Africa (minus MIDDLE EAST)";"횄혖frica (menos ORIENTE MEDIO)"
"489";"51";"횄혖frica";"Africa (minus MIDDLE EAST)";"횄혖frica (menos ORIENTE MEDIO)"
"177";"51";"횄혖frica";"Africa (minus MIDDLE EAST)";"횄혖frica (menos ORIENTE MEDIO)"
"193";"51";"횄혖frica";"Africa (minus MIDDLE EAST)";"횄혖frica (menos ORIENTE MEDIO)"
"329";"51";"횄혖frica";"Africa (minus MIDDLE EAST)";"횄혖frica (menos ORIENTE MEDIO)"
"505";"51";"횄혖frica";"Africa (minus MIDDLE EAST)";"횄혖frica (menos ORIENTE MEDIO)"
"145";"51";"횄혖frica";"Africa (minus MIDDLE EAST)";"횄혖frica (menos ORIENTE MEDIO)"
"705";"105";"Am횄짤rica Central e Caribe";"Central America and Caribbean";"Am횄짤rica Central y Caribe"
"700";"105";"Am횄짤rica Central e Caribe";"Central America and Caribbean";"Am횄짤rica Central y Caribe"
"345";"105";"Am횄짤rica Central e Caribe";"Central America and Caribbean";"Am횄짤rica Central y Caribe"
"309";"105";"Am횄짤rica Central e Caribe";"Central America and Caribbean";"Am횄짤rica Central y Caribe"
"199";"105";"Am횄짤rica Central e Caribe";"Central America and Caribbean";"Am횄짤rica Central y Caribe"
"090";"105";"Am횄짤rica Central e Caribe";"Central America and Caribbean";"Am횄짤rica Central y Caribe"
"235";"105";"Am횄짤rica Central e Caribe";"Central America and Caribbean";"Am횄짤rica Central y Caribe"
"088";"105";"Am횄짤rica Central e Caribe";"Central America and Caribbean";"Am횄짤rica Central y Caribe"
"065";"105";"Am횄짤rica Central e Caribe";"Central America and Caribbean";"Am횄짤rica Central y Caribe"
"580";"105";"Am횄짤rica Central e Caribe";"Central America and Caribbean";"Am횄짤rica Central y Caribe"
"297";"105";"Am횄짤rica Central e Caribe";"Central America and Caribbean";"Am횄짤rica Central y Caribe"
"715";"105";"Am횄짤rica Central e Caribe";"Central America and Caribbean";"Am횄짤rica Central y Caribe"
"501";"105";"Am횄짤rica Central e Caribe";"Central America and Caribbean";"Am횄짤rica Central y Caribe"
"341";"105";"Am횄짤rica Central e Caribe";"Central America and Caribbean";"Am횄짤rica Central y Caribe"
"041";"105";"Am횄짤rica Central e Caribe";"Central America and Caribbean";"Am횄짤rica Central y Caribe"
"693";"105";"Am횄짤rica Central e Caribe";"Central America and Caribbean";"Am횄짤rica Central y Caribe"
"895";"105";"Am횄짤rica Central e Caribe";"Central America and Caribbean";"Am횄짤rica Central y Caribe"
"477";"105";"Am횄짤rica Central e Caribe";"Central America and Caribbean";"Am횄짤rica Central y Caribe"
"317";"105";"Am횄짤rica Central e Caribe";"Central America and Caribbean";"Am횄짤rica Central y Caribe"
"678";"105";"Am횄짤rica Central e Caribe";"Central America and Caribbean";"Am횄짤rica Central y Caribe"
"647";"105";"Am횄짤rica Central e Caribe";"Central America and Caribbean";"Am횄짤rica Central y Caribe"
"083";"105";"Am횄짤rica Central e Caribe";"Central America and Caribbean";"Am횄짤rica Central y Caribe"
"047";"105";"Am횄짤rica Central e Caribe";"Central America and Caribbean";"Am횄짤rica Central y Caribe"
"043";"105";"Am횄짤rica Central e Caribe";"Central America and Caribbean";"Am횄짤rica Central y Caribe"
"699";"105";"Am횄짤rica Central e Caribe";"Central America and Caribbean";"Am횄짤rica Central y Caribe"
"611";"105";"Am횄짤rica Central e Caribe";"Central America and Caribbean";"Am횄짤rica Central y Caribe"
"391";"105";"Am횄짤rica Central e Caribe";"Central America and Caribbean";"Am횄짤rica Central y Caribe"
"698";"105";"Am횄짤rica Central e Caribe";"Central America and Caribbean";"Am횄짤rica Central y Caribe"
"099";"105";"Am횄짤rica Central e Caribe";"Central America and Caribbean";"Am횄짤rica Central y Caribe"
"695";"105";"Am횄짤rica Central e Caribe";"Central America and Caribbean";"Am횄짤rica Central y Caribe"
"687";"105";"Am횄짤rica Central e Caribe";"Central America and Caribbean";"Am횄짤rica Central y Caribe"
"521";"105";"Am횄짤rica Central e Caribe";"Central America and Caribbean";"Am횄짤rica Central y Caribe"
"196";"105";"Am횄짤rica Central e Caribe";"Central America and Caribbean";"Am횄짤rica Central y Caribe"
"200";"105";"Am횄짤rica Central e Caribe";"Central America and Caribbean";"Am횄짤rica Central y Caribe"
"866";"105";"Am횄짤rica Central e Caribe";"Central America and Caribbean";"Am횄짤rica Central y Caribe"
"815";"105";"Am횄짤rica Central e Caribe";"Central America and Caribbean";"Am횄짤rica Central y Caribe"
"823";"105";"Am횄짤rica Central e Caribe";"Central America and Caribbean";"Am횄짤rica Central y Caribe"
"863";"105";"Am횄짤rica Central e Caribe";"Central America and Caribbean";"Am횄짤rica Central y Caribe"
"077";"105";"Am횄짤rica Central e Caribe";"Central America and Caribbean";"Am횄짤rica Central y Caribe"
"137";"105";"Am횄짤rica Central e Caribe";"Central America and Caribbean";"Am횄짤rica Central y Caribe"
"149";"107";"Am횄짤rica do Norte";"North America";"Am횄짤rica del norte"
"249";"107";"Am횄짤rica do Norte";"North America";"Am횄짤rica del norte"
"493";"107";"Am횄짤rica do Norte";"North America";"Am횄짤rica del norte"
"100";"48";"Am횄짤rica do Sul";"South America";"Am횄짤rica del Sur"
"255";"48";"Am횄짤rica do Sul";"South America";"Am횄짤rica del Sur"
"845";"48";"Am횄짤rica do Sul";"South America";"Am횄짤rica del Sur"
"589";"48";"Am횄짤rica do Sul";"South America";"Am횄짤rica del Sur"
"586";"48";"Am횄짤rica do Sul";"South America";"Am횄짤rica del Sur"
"325";"48";"Am횄짤rica do Sul";"South America";"Am횄짤rica del Sur"
"239";"48";"Am횄짤rica do Sul";"South America";"Am횄짤rica del Sur"
"097";"48";"Am횄짤rica do Sul";"South America";"Am횄짤rica del Sur"
"770";"48";"Am횄짤rica do Sul";"South America";"Am횄짤rica del Sur"
"158";"48";"Am횄짤rica do Sul";"South America";"Am횄짤rica del Sur"
"106";"48";"Am횄짤rica do Sul";"South America";"Am횄짤rica del Sur"
"850";"48";"Am횄짤rica do Sul";"South America";"Am횄짤rica del Sur"
"169";"48";"Am횄짤rica do Sul";"South America";"Am횄짤rica del Sur"
"337";"48";"Am횄짤rica do Sul";"South America";"Am횄짤rica del Sur"
"063";"48";"Am횄짤rica do Sul";"South America";"Am횄짤rica del Sur"
"795";"39";"횄혖sia (Exclusive Oriente M횄짤dio)";"Asia (minus MIDDLE EAST)";"Asia (menos Oriente Medio)"
"772";"39";"횄혖sia (Exclusive Oriente M횄짤dio)";"Asia (minus MIDDLE EAST)";"Asia (menos Oriente Medio)"
"517";"39";"횄혖sia (Exclusive Oriente M횄짤dio)";"Asia (minus MIDDLE EAST)";"Asia (menos Oriente Medio)"
"423";"39";"횄혖sia (Exclusive Oriente M횄짤dio)";"Asia (minus MIDDLE EAST)";"Asia (menos Oriente Medio)"
"153";"39";"횄혖sia (Exclusive Oriente M횄짤dio)";"Asia (minus MIDDLE EAST)";"Asia (menos Oriente Medio)"
"497";"39";"횄혖sia (Exclusive Oriente M횄짤dio)";"Asia (minus MIDDLE EAST)";"Asia (menos Oriente Medio)"
"399";"39";"횄혖sia (Exclusive Oriente M횄짤dio)";"Asia (minus MIDDLE EAST)";"Asia (menos Oriente Medio)"
"160";"39";"횄혖sia (Exclusive Oriente M횄짤dio)";"Asia (minus MIDDLE EAST)";"Asia (menos Oriente Medio)"
"119";"39";"횄혖sia (Exclusive Oriente M횄짤dio)";"Asia (minus MIDDLE EAST)";"Asia (menos Oriente Medio)"
"858";"39";"횄혖sia (Exclusive Oriente M횄짤dio)";"Asia (minus MIDDLE EAST)";"Asia (menos Oriente Medio)"
"855";"39";"횄혖sia (Exclusive Oriente M횄짤dio)";"Asia (minus MIDDLE EAST)";"Asia (menos Oriente Medio)"
"351";"39";"횄혖sia (Exclusive Oriente M횄짤dio)";"Asia (minus MIDDLE EAST)";"Asia (menos Oriente Medio)"
"190";"39";"횄혖sia (Exclusive Oriente M횄짤dio)";"Asia (minus MIDDLE EAST)";"Asia (menos Oriente Medio)"
"108";"39";"횄혖sia (Exclusive Oriente M횄짤dio)";"Asia (minus MIDDLE EAST)";"Asia (menos Oriente Medio)"
"064";"39";"횄혖sia (Exclusive Oriente M횄짤dio)";"Asia (minus MIDDLE EAST)";"Asia (menos Oriente Medio)"
"824";"39";"횄혖sia (Exclusive Oriente M횄짤dio)";"Asia (minus MIDDLE EAST)";"Asia (menos Oriente Medio)"
"093";"39";"횄혖sia (Exclusive Oriente M횄짤dio)";"Asia (minus MIDDLE EAST)";"Asia (menos Oriente Medio)"
"447";"39";"횄혖sia (Exclusive Oriente M횄짤dio)";"Asia (minus MIDDLE EAST)";"Asia (menos Oriente Medio)"
"461";"39";"횄혖sia (Exclusive Oriente M횄짤dio)";"Asia (minus MIDDLE EAST)";"Asia (menos Oriente Medio)"
"776";"39";"횄혖sia (Exclusive Oriente M횄짤dio)";"Asia (minus MIDDLE EAST)";"Asia (menos Oriente Medio)"
"013";"39";"횄혖sia (Exclusive Oriente M횄짤dio)";"Asia (minus MIDDLE EAST)";"Asia (menos Oriente Medio)"
"161";"39";"횄혖sia (Exclusive Oriente M횄짤dio)";"Asia (minus MIDDLE EAST)";"Asia (menos Oriente Medio)"
"187";"39";"횄혖sia (Exclusive Oriente M횄짤dio)";"Asia (minus MIDDLE EAST)";"Asia (menos Oriente Medio)"
"361";"39";"횄혖sia (Exclusive Oriente M횄짤dio)";"Asia (minus MIDDLE EAST)";"Asia (menos Oriente Medio)"
"420";"39";"횄혖sia (Exclusive Oriente M횄짤dio)";"Asia (minus MIDDLE EAST)";"Asia (menos Oriente Medio)"
"455";"39";"횄혖sia (Exclusive Oriente M횄짤dio)";"Asia (minus MIDDLE EAST)";"Asia (menos Oriente Medio)"
"625";"39";"횄혖sia (Exclusive Oriente M횄짤dio)";"Asia (minus MIDDLE EAST)";"Asia (menos Oriente Medio)"
"847";"39";"횄혖sia (Exclusive Oriente M횄짤dio)";"Asia (minus MIDDLE EAST)";"Asia (menos Oriente Medio)"
"291";"39";"횄혖sia (Exclusive Oriente M횄짤dio)";"Asia (minus MIDDLE EAST)";"Asia (menos Oriente Medio)"
"576";"39";"횄혖sia (Exclusive Oriente M횄짤dio)";"Asia (minus MIDDLE EAST)";"Asia (menos Oriente Medio)"
"073";"39";"횄혖sia (Exclusive Oriente M횄짤dio)";"Asia (minus MIDDLE EAST)";"Asia (menos Oriente Medio)"
"365";"39";"횄혖sia (Exclusive Oriente M횄짤dio)";"Asia (minus MIDDLE EAST)";"Asia (menos Oriente Medio)"
"750";"39";"횄혖sia (Exclusive Oriente M횄짤dio)";"Asia (minus MIDDLE EAST)";"Asia (menos Oriente Medio)"
"081";"39";"횄혖sia (Exclusive Oriente M횄짤dio)";"Asia (minus MIDDLE EAST)";"Asia (menos Oriente Medio)"
"141";"39";"횄혖sia (Exclusive Oriente M횄짤dio)";"Asia (minus MIDDLE EAST)";"Asia (menos Oriente Medio)"
"267";"39";"횄혖sia (Exclusive Oriente M횄짤dio)";"Asia (minus MIDDLE EAST)";"Asia (menos Oriente Medio)"
"741";"39";"횄혖sia (Exclusive Oriente M횄짤dio)";"Asia (minus MIDDLE EAST)";"Asia (menos Oriente Medio)"
"741";"53";"Associa횄짠횄짙o de Na횄짠횄쨉es do Sudeste Asi횄징tico - ASEAN";"Association Of Southeast Asian Nations (ASEAN)";"Asociaci횄쨀n de Pa횄짯ses del Sudeste Asi횄징tico (ASEAN)"
"365";"53";"Associa횄짠횄짙o de Na횄짠횄쨉es do Sudeste Asi횄징tico - ASEAN";"Association Of Southeast Asian Nations (ASEAN)";"Asociaci횄쨀n de Pa횄짯ses del Sudeste Asi횄징tico (ASEAN)"
"108";"53";"Associa횄짠횄짙o de Na횄짠횄쨉es do Sudeste Asi횄징tico - ASEAN";"Association Of Southeast Asian Nations (ASEAN)";"Asociaci횄쨀n de Pa횄짯ses del Sudeste Asi횄징tico (ASEAN)"
"420";"53";"Associa횄짠횄짙o de Na횄짠횄쨉es do Sudeste Asi횄징tico - ASEAN";"Association Of Southeast Asian Nations (ASEAN)";"Asociaci횄쨀n de Pa횄짯ses del Sudeste Asi횄징tico (ASEAN)"
"776";"53";"Associa횄짠횄짙o de Na횄짠횄쨉es do Sudeste Asi횄징tico - ASEAN";"Association Of Southeast Asian Nations (ASEAN)";"Asociaci횄쨀n de Pa횄짯ses del Sudeste Asi횄징tico (ASEAN)"
"267";"53";"Associa횄짠횄짙o de Na횄짠횄쨉es do Sudeste Asi횄징tico - ASEAN";"Association Of Southeast Asian Nations (ASEAN)";"Asociaci횄쨀n de Pa횄짯ses del Sudeste Asi횄징tico (ASEAN)"
"455";"53";"Associa횄짠횄짙o de Na횄짠횄쨉es do Sudeste Asi횄징tico - ASEAN";"Association Of Southeast Asian Nations (ASEAN)";"Asociaci횄쨀n de Pa횄짯ses del Sudeste Asi횄징tico (ASEAN)"
"093";"53";"Associa횄짠횄짙o de Na횄짠횄쨉es do Sudeste Asi횄징tico - ASEAN";"Association Of Southeast Asian Nations (ASEAN)";"Asociaci횄쨀n de Pa횄짯ses del Sudeste Asi횄징tico (ASEAN)"
"858";"53";"Associa횄짠횄짙o de Na횄짠횄쨉es do Sudeste Asi횄징tico - ASEAN";"Association Of Southeast Asian Nations (ASEAN)";"Asociaci횄쨀n de Pa횄짯ses del Sudeste Asi횄징tico (ASEAN)"
"141";"53";"Associa횄짠횄짙o de Na횄짠횄쨉es do Sudeste Asi횄징tico - ASEAN";"Association Of Southeast Asian Nations (ASEAN)";"Asociaci횄쨀n de Pa횄짯ses del Sudeste Asi횄징tico (ASEAN)"
"840";"112";"Europa";"Europe";"Europa"
"163";"112";"Europa";"Europe";"Europa"
"321";"112";"Europa";"Europe";"Europa"
"023";"112";"Europa";"Europe";"Europa"
"245";"112";"Europa";"Europe";"Europa"
"247";"112";"Europa";"Europe";"Europa"
"301";"112";"Europa";"Europe";"Europa"
"305";"112";"Europa";"Europe";"Europa"
"831";"112";"Europa";"Europe";"Europa"
"393";"112";"Europa";"Europe";"Europa"
"246";"112";"Europa";"Europe";"Europa"
"355";"112";"Europa";"Europe";"Europa"
"442";"112";"Europa";"Europe";"Europa"
"445";"112";"Europa";"Europe";"Europa"
"676";"112";"Europa";"Europe";"Europa"
"737";"112";"Europa";"Europe";"Europa"
"017";"112";"Europa";"Europe";"Europa"
"020";"112";"Europa";"Europe";"Europa"
"037";"112";"Europa";"Europe";"Europa"
"150";"112";"Europa";"Europe";"Europa"
"151";"112";"Europa";"Europe";"Europa"
"152";"112";"Europa";"Europe";"Europa"
"232";"112";"Europa";"Europe";"Europa"
"271";"112";"Europa";"Europe";"Europa"
"359";"112";"Europa";"Europe";"Europa"
"375";"112";"Europa";"Europe";"Europa"
"427";"112";"Europa";"Europe";"Europa"
"440";"112";"Europa";"Europe";"Europa"
"764";"112";"Europa";"Europe";"Europa"
"791";"112";"Europa";"Europe";"Europa"
"025";"112";"Europa";"Europe";"Europa"
"195";"112";"Europa";"Europe";"Europa"
"251";"112";"Europa";"Europe";"Europa"
"449";"112";"Europa";"Europe";"Europa"
"628";"112";"Europa";"Europe";"Europa"
"767";"112";"Europa";"Europe";"Europa"
"085";"112";"Europa";"Europe";"Europa"
"111";"112";"Europa";"Europe";"Europa"
"259";"112";"Europa";"Europe";"Europa"
"367";"112";"Europa";"Europe";"Europa"
"379";"112";"Europa";"Europe";"Europa"
"386";"112";"Europa";"Europe";"Europa"
"452";"112";"Europa";"Europe";"Europa"
"467";"112";"Europa";"Europe";"Europa"
"827";"112";"Europa";"Europe";"Europa"
"790";"112";"Europa";"Europe";"Europa"
"538";"112";"Europa";"Europe";"Europa"
"495";"112";"Europa";"Europe";"Europa"
"494";"112";"Europa";"Europe";"Europa"
"072";"112";"Europa";"Europe";"Europa"
"848";"112";"Europa";"Europe";"Europa"
"697";"112";"Europa";"Europe";"Europa"
"603";"112";"Europa";"Europe";"Europa"
"498";"112";"Europa";"Europe";"Europa"
"293";"112";"Europa";"Europe";"Europa"
"275";"112";"Europa";"Europe";"Europa"
"098";"112";"Europa";"Europe";"Europa"
"087";"112";"Europa";"Europe";"Europa"
"781";"112";"Europa";"Europe";"Europa"
"670";"112";"Europa";"Europe";"Europa"
"607";"112";"Europa";"Europe";"Europa"
"573";"112";"Europa";"Europe";"Europa"
"388";"112";"Europa";"Europe";"Europa"
"015";"112";"Europa";"Europe";"Europa"
"100";"111";"Mercado Comum do Sul - Mercosul";"Southern Common Market (MERCOSUL)";"Mercado Comum del Sur (MERCOSUR)"
"063";"111";"Mercado Comum do Sul - Mercosul";"Southern Common Market (MERCOSUL)";"Mercado Comum del Sur (MERCOSUR)"
"845";"111";"Mercado Comum do Sul - Mercosul";"Southern Common Market (MERCOSUL)";"Mercado Comum del Sur (MERCOSUR)"
"106";"111";"Mercado Comum do Sul - Mercosul";"Southern Common Market (MERCOSUL)";"Mercado Comum del Sur (MERCOSUR)"
"586";"111";"Mercado Comum do Sul - Mercosul";"Southern Common Market (MERCOSUL)";"Mercado Comum del Sur (MERCOSUR)"
"069";"61";"Oceania";"Oceania";"Oceania"
"531";"61";"Oceania";"Oceania";"Oceania"
"805";"61";"Oceania";"Oceania";"Oceania"
"411";"61";"Oceania";"Oceania";"Oceania"
"542";"61";"Oceania";"Oceania";"Oceania"
"599";"61";"Oceania";"Oceania";"Oceania"
"691";"61";"Oceania";"Oceania";"Oceania"
"810";"61";"Oceania";"Oceania";"Oceania"
"313";"61";"Oceania";"Oceania";"Oceania"
"566";"61";"Oceania";"Oceania";"Oceania"
"690";"61";"Oceania";"Oceania";"Oceania"
"165";"61";"Oceania";"Oceania";"Oceania"
"569";"61";"Oceania";"Oceania";"Oceania"
"583";"61";"Oceania";"Oceania";"Oceania"
"828";"61";"Oceania";"Oceania";"Oceania"
"875";"61";"Oceania";"Oceania";"Oceania"
"183";"61";"Oceania";"Oceania";"Oceania"
"476";"61";"Oceania";"Oceania";"Oceania"
"499";"61";"Oceania";"Oceania";"Oceania"
"511";"61";"Oceania";"Oceania";"Oceania"
"551";"61";"Oceania";"Oceania";"Oceania"
"593";"61";"Oceania";"Oceania";"Oceania"
"396";"61";"Oceania";"Oceania";"Oceania"
"508";"61";"Oceania";"Oceania";"Oceania"
"535";"61";"Oceania";"Oceania";"Oceania"
"545";"61";"Oceania";"Oceania";"Oceania"
"548";"61";"Oceania";"Oceania";"Oceania"
"563";"61";"Oceania";"Oceania";"Oceania"
"873";"61";"Oceania";"Oceania";"Oceania"
"575";"61";"Oceania";"Oceania";"Oceania"
"490";"61";"Oceania";"Oceania";"Oceania"
"472";"61";"Oceania";"Oceania";"Oceania"
"870";"61";"Oceania";"Oceania";"Oceania"
"677";"61";"Oceania";"Oceania";"Oceania"
"357";"41";"Oriente M횄짤dio";"Middle East";"Oriente Medio"
"431";"41";"Oriente M횄짤dio";"Middle East";"Oriente Medio"
"198";"41";"Oriente M횄짤dio";"Middle East";"Oriente Medio"
"244";"41";"Oriente M횄짤dio";"Middle East";"Oriente Medio"
"358";"41";"Oriente M횄짤dio";"Middle East";"Oriente Medio"
"578";"41";"Oriente M횄짤dio";"Middle East";"Oriente Medio"
"579";"41";"Oriente M횄짤dio";"Middle East";"Oriente Medio"
"053";"41";"Oriente M횄짤dio";"Middle East";"Oriente Medio"
"080";"41";"Oriente M횄짤dio";"Middle East";"Oriente Medio"
"372";"41";"Oriente M횄짤dio";"Middle East";"Oriente Medio"
"556";"41";"Oriente M횄짤dio";"Middle East";"Oriente Medio"
"369";"41";"Oriente M횄짤dio";"Middle East";"Oriente Medio"
"237";"41";"Oriente M횄짤dio";"Middle East";"Oriente Medio"
"286";"41";"Oriente M횄짤dio";"Middle East";"Oriente Medio"
"383";"41";"Oriente M횄짤dio";"Middle East";"Oriente Medio"
"403";"41";"Oriente M횄짤dio";"Middle East";"Oriente Medio"
"744";"41";"Oriente M횄짤dio";"Middle East";"Oriente Medio"
"008";"41";"Oriente M횄짤dio";"Middle East";"Oriente Medio"
"154";"41";"Oriente M횄짤dio";"Middle East";"Oriente Medio"
"087";"22";"Uni횄짙o Europeia - UE";"European Union (EU)";"Uniao Europea (UE)"
"251";"22";"Uni횄짙o Europeia - UE";"European Union (EU)";"Uniao Europea (UE)"
"111";"22";"Uni횄짙o Europeia - UE";"European Union (EU)";"Uniao Europea (UE)"
"427";"22";"Uni횄짙o Europeia - UE";"European Union (EU)";"Uniao Europea (UE)"
"603";"22";"Uni횄짙o Europeia - UE";"European Union (EU)";"Uniao Europea (UE)"
"393";"22";"Uni횄짙o Europeia - UE";"European Union (EU)";"Uniao Europea (UE)"
"367";"22";"Uni횄짙o Europeia - UE";"European Union (EU)";"Uniao Europea (UE)"
"442";"22";"Uni횄짙o Europeia - UE";"European Union (EU)";"Uniao Europea (UE)"
"232";"22";"Uni횄짙o Europeia - UE";"European Union (EU)";"Uniao Europea (UE)"
"150";"22";"Uni횄짙o Europeia - UE";"European Union (EU)";"Uniao Europea (UE)"
"151";"22";"Uni횄짙o Europeia - UE";"European Union (EU)";"Uniao Europea (UE)"
"467";"22";"Uni횄짙o Europeia - UE";"European Union (EU)";"Uniao Europea (UE)"
"386";"22";"Uni횄짙o Europeia - UE";"European Union (EU)";"Uniao Europea (UE)"
"275";"22";"Uni횄짙o Europeia - UE";"European Union (EU)";"Uniao Europea (UE)"
"245";"22";"Uni횄짙o Europeia - UE";"European Union (EU)";"Uniao Europea (UE)"
"023";"22";"Uni횄짙o Europeia - UE";"European Union (EU)";"Uniao Europea (UE)"
"375";"22";"Uni횄짙o Europeia - UE";"European Union (EU)";"Uniao Europea (UE)"
"163";"22";"Uni횄짙o Europeia - UE";"European Union (EU)";"Uniao Europea (UE)"
"359";"22";"Uni횄짙o Europeia - UE";"European Union (EU)";"Uniao Europea (UE)"
"072";"22";"Uni횄짙o Europeia - UE";"European Union (EU)";"Uniao Europea (UE)"
"452";"22";"Uni횄짙o Europeia - UE";"European Union (EU)";"Uniao Europea (UE)"
"445";"22";"Uni횄짙o Europeia - UE";"European Union (EU)";"Uniao Europea (UE)"
"301";"22";"Uni횄짙o Europeia - UE";"European Union (EU)";"Uniao Europea (UE)"
"573";"22";"Uni횄짙o Europeia - UE";"European Union (EU)";"Uniao Europea (UE)"
"355";"22";"Uni횄짙o Europeia - UE";"European Union (EU)";"Uniao Europea (UE)"
"271";"22";"Uni횄짙o Europeia - UE";"European Union (EU)";"Uniao Europea (UE)"
"246";"22";"Uni횄짙o Europeia - UE";"European Union (EU)";"Uniao Europea (UE)"
"321";"22";"Uni횄짙o Europeia - UE";"European Union (EU)";"Uniao Europea (UE)"
"764";"22";"Uni횄짙o Europeia - UE";"European Union (EU)";"Uniao Europea (UE)"
"607";"22";"Uni횄짙o Europeia - UE";"European Union (EU)";"Uniao Europea (UE)"
"247";"22";"Uni횄짙o Europeia - UE";"European Union (EU)";"Uniao Europea (UE)"
"015";"22";"Uni횄짙o Europeia - UE";"European Union (EU)";"Uniao Europea (UE)"
"781";"22";"Uni횄짙o Europeia - UE";"European Union (EU)";"Uniao Europea (UE)"
"791";"22";"Uni횄짙o Europeia - UE";"European Union (EU)";"Uniao Europea (UE)"
"670";"22";"Uni횄짙o Europeia - UE";"European Union (EU)";"Uniao Europea (UE)"
"195";"22";"Uni횄짙o Europeia - UE";"European Union (EU)";"Uniao Europea (UE)"
